id,name,read,pattern,sequence,feature_type
Human_HTO_1,Human_1,R2,5P(BC),GTCAACTCTTTAGCG,Antibody Capture
Human_HTO_2,Human_2,R2,5P(BC),TGATGGCCTATTGGG,Antibody Capture
Human_HTO_3,Human_3,R2,5P(BC),TTCCGCCTCTCTTTG,Antibody Capture
Human_HTO_4,Human_4,R2,5P(BC),AGTAAGTTCAGCGTA,Antibody Capture
Human_HTO_5,Human_5,R2,5P(BC),AAGTATCGTTTCGCA,Antibody Capture
Human_HTO_6,Human_6,R2,5P(BC),GGTTGCCAGATGTCA,Antibody Capture
Human_HTO_7,Human_7,R2,5P(BC),TGTCTTTCCTGCCAG,Antibody Capture
Human_HTO_8,Human_8,R2,5P(BC),CTCCTCTGCAATTAC,Antibody Capture
Human_HTO_9,Human_9,R2,5P(BC),CAGTAGTCACGGTCA,Antibody Capture
Human_HTO_10,Human_10,R2,5P(BC),ATTGACCCGCGTTAG,Antibody Capture
Human_HTO_12,Human_12,R2,5P(BC),TAACGACCAGCCATA,Antibody Capture
Human_HTO_13,Human_13,R2,5P(BC),AAATCTCTCAGGCTC,Antibody Capture
Human_HTO_14,Human_14,R2,5P(BC),CTGTATGTCCGATTG,Antibody Capture
Human_HTO_15,Human_15,R2,5P(BC),TAAGATTCAGAGCGA,Antibody Capture
Mouse_HTO_1,Mouse_1,R2,5P(BC),ACCCACCAGTAAGAC,Antibody Capture
Mouse_HTO_2,Mouse_2,R2,5P(BC),GGTCGAGAGCATTCA,Antibody Capture
Mouse_HTO_3,Mouse_3,R2,5P(BC),CTTGCCGCATGTCAT,Antibody Capture
Mouse_HTO_4,Mouse_4,R2,5P(BC),AAAGCATTCTTCACG,Antibody Capture
Mouse_HTO_5,Mouse_5,R2,5P(BC),CTTTGTCTTTGTGAG,Antibody Capture
Mouse_HTO_6,Mouse_6,R2,5P(BC),TATGCTGCCACGGTA,Antibody Capture
Mouse_HTO_7,Mouse_7,R2,5P(BC),GAGTCTGCCAGTATC,Antibody Capture
Mouse_HTO_8,Mouse_8,R2,5P(BC),TATAGAACGCCAGGC,Antibody Capture
Mouse_HTO_9,Mouse_9,R2,5P(BC),TGCCTATGAAACAAG,Antibody Capture
Mouse_HTO_10,Mouse_10,R2,5P(BC),CCGATTGTAACAGAC,Antibody Capture
Mouse_HTO_11,Mouse_11,R2,5P(BC),GCTTACCGAATTAAC,Antibody Capture
Mouse_HTO_12,Mouse_12,R2,5P(BC),CTGCAAATATAACGG,Antibody Capture
Mouse_HTO_13,Mouse_13,R2,5P(BC),CTACATTGCGATTTG,Antibody Capture
Mouse_HTO_14,Mouse_14,R2,5P(BC),CTTTCGCCAACTCTG,Antibody Capture
Mouse_HTO_15,Mouse_15,R2,5P(BC),CCCTCTCTGGATTCT,Antibody Capture
Nucleus_HTO_1,Nucleus_1,R2,5P(BC),TTCCTGCCATTACTA,Antibody Capture
Nucleus_HTO_2,Nucleus_2,R2,5P(BC),CCGTACCTCATTGTT,Antibody Capture
Nucleus_HTO_3,Nucleus_3,R2,5P(BC),GGTAGATGTCCTCAG,Antibody Capture
Nucleus_HTO_4,Nucleus_4,R2,5P(BC),TGGTGTCATTCTTGA,Antibody Capture
Nucleus_HTO_5,Nucleus_5,R2,5P(BC),ATGATGAACAGCCAG,Antibody Capture
Nucleus_HTO_6,Nucleus_6,R2,5P(BC),CTCGAACGCTTATCG,Antibody Capture
Nucleus_HTO_7,Nucleus_7,R2,5P(BC),CTTATCACCGCTCAA,Antibody Capture
Nucleus_HTO_8,Nucleus_8,R2,5P(BC),TGACGCCGTTGTTGT,Antibody Capture
Nucleus_HTO_9,Nucleus_9,R2,5P(BC),GCCTAGTATGATCCA,Antibody Capture
Nucleus_HTO_10,Nucleus_10,R2,5P(BC),GCCTAGTATGATCCA,Antibody Capture
Nucleus_HTO_11,Nucleus_11,R2,5P(BC),AGTCACAGTATTCCA,Antibody Capture
Nucleus_HTO_12,Nucleus_12,R2,5P(BC),TTGGCCTTTGTATCG,Antibody Capture
Nucleus_HTO_13,Nucleus_13,R2,5P(BC),AACGCCAGTATGAAC,Antibody Capture
Nucleus_HTO_14,Nucleus_14,R2,5P(BC),GCTTCCGTATATCTG,Antibody Capture
Nucleus_HTO_15,Nucleus_15,R2,5P(BC),AGCAACTCACTCTTT,Antibody Capture
Nucleus_HTO_16,Nucleus_16,R2,5P(BC),CACTAGAGCTTGGAT,Antibody Capture