DNA_ID,Description,Clone,Barcode,Ensembl ID,Gene Name
A0006,anti-human CD86,IT2.2,GTCTTTGTCAGTGCA,ENSG00000114013,CD86
A0034,anti-human CD3,UCHT1,CTCATTGTAACTCCT,ENSG00000167286,CD3D
A0046,anti-human CD8,SK1,GCGCAACTTGATGAT,ENSG00000153563,CD8A
A0047,anti-human CD56 (NCAM),5.1H11,TCCTTTCCTGATAGG,ENSG00000149294,NCAM1
A0050,anti-human CD19,HIB19,CTGGGCAATTACTCG,ENSG00000177455,CD19
A0052,anti-human CD33,P67.6,TAACTCAGGGCCTAT,ENSG00000105383,CD33
A0053,anti-human CD11c,S-HCL-3,TACGCCTATAACTTG,ENSG00000140678,ITGAX
A0063,anti-human CD45RA,HI100,TCAATCCTTCCGCTT,ENSG00000081237,PTPRC
A0064,anti-human CD123,6H6,CTTCACTCTGTCAGG,ENSG00000185291,IL3RA
A0066,anti-human CD7,CD7-6B7,TGGATTCCCGGACTT,ENSG00000173762,CD7
A0070,anti-human/mouse CD49f,GoH3,TTCCGAGGATGATCT,ENSG00000091409,ITGA6
A0072,anti-human CD4,RPA-T4,TGTTCCCGCTCAACT,ENSG00000010610,CD4
A0073,anti-mouse/human CD44,IM7,TGGCTTCAGGTCCTA,ENSG00000026508,CD44
A0081,anti-human CD14,M5E2,TCTCAGACCTCCGTA,ENSG00000170458,CD14
A0083,anti-human CD16,3G8,AAGTTCACTCTTTGC,ENSG00000203747,FCGR3A
A0087,anti-human CD45RO,UCHL1,CTCCGAATCATGTTG,ENSG00000081237,PTPRC
A0100,anti-human CD20,2H7,TTCTGGGTCCCTAGA,ENSG00000156738,MS4A1
A0101,anti-human CD335 (NKp46),9E2,ACAATTTGAACAGCG,ENSG00000189430,NCR1
A0138,anti-human CD5,UCHT2,CATTAACGGGATGCC,ENSG00000110448,CD5
A0142,anti-human CD32,FUN-2,GCTTCCGAATTACCG,ENSG00000143226,FCGR2A
A0145,Hu CD103 (Integrin αE),Ber-ACT8,GACCTCATTGTGAAT,ENSG00000083457,ITGAE
A0151,anti-human CD152 (CTLA-4),BNI3,ATGGTTCACGTAATC,ENSG00000163599,CTLA4
A0154,anti-human CD27,O323,GCACTCCTGCATGTA,ENSG00000139193,CD27
A0155,anti-human CD107a (LAMP-1),H4A3,CAGCCCACTGCAATA,ENSG00000185896,LAMP1
A0158,anti-human CD134 (OX40),Ber-ACT35 (ACT35),AACCCACCGTTGTTA,ENSG00000186827,TNFRSF4
A0159,anti-human HLA-DR,L243,AATAGCGAGCAAGTA,ENSG00000204287,HLA-DRA
A0160,anti-human CD1c,L161,GAGCTACTTCACTCG,ENSG00000158481,CD1C
A0161,anti-human CD11b,ICRF44,GACAAGTGATCTGCA,ENSG00000169896,ITGAM
A0162,anti-human CD64,10.1,AAGTATGCCCTACGA,ENSG00000150337,FCGR1A
A0167,anti-human CD35,E11,ACTTCCGTCGATCTT,ENSG00000203710,CR1
A0174,anti-human CD58 (LFA-3),TS2/9,GTTCCTATGGACGAC,ENSG00000116815,CD58
A0189,anti-human CD244 (2B4),C1.7,TCGCTTGGATGGTAG,ENSG00000122223,CD244
A0206,"anti-human CD169 (Sialoadhesin, Siglec-1)",7-239,TACTCAGCGTGTTTG,ENSG00000088827,SIGLEC1
A0217,anti-human CD54,HA58,CTGATAGACTTGAGT,ENSG00000090339,ICAM1
A0352,anti-human FcεRIα,AER-37 (CRA-1),CTCGTTTCCGTATCG,ENSG00000179639,FCER1A
A0367,anti-human CD2,TS1/8,TACGATTTGTCAGGG,ENSG00000116824,CD2
A0371,anti-human CD49b,P1E6-C5,GCTTTCTTCAGTATG,ENSG00000164171,ITGA2
A0385,anti-human CD18,TS1/18,TATTGGGACACTTCT,ENSG00000160255,ITGB2
A0389,anti-human CD38,HIT2,TGTACCCGCTTGTGA,ENSG00000004468,CD38
A0391,anti-human CD45,HI30,TGCAATTACCCGGAT,ENSG00000081237,PTPRC
A0394,anti-human CD71,CY1G4,CCGTGTTCCTCATTA,ENSG00000072274,TFRC
A0396,anti-human CD26,BA5b,GGTGGCTAGATAATG,ENSG00000197635,DPP4
A0398,anti-human CD115 (CSF-1R),9-4D2-1E4,AATCACGGTCCTTGT,ENSG00000182578,CSF1R
A0404,anti-human CD63,H5C6,GAGATGTCTGCAACT,ENSG00000135404,CD63
A0408,anti-human CD172a (SIRPα),15-414,CGTGTTTAACTTGAG,ENSG00000198053,SIRPA
A0419,anti-human CD72,3F3,CAGTCGTGGTAGATA,ENSG00000137101,CD72
A0575,anti-human CD49a,TS2/7,ACTGATGGACTCAGA,ENSG00000213949,ITGA1
A0579,anti-human CD9,HI9a,GAGTCACCAATCTGC,ENSG00000010278,CD9
A0590,anti-human CD305 (LAIR1),NKTA255,ATTTCCATTCCCTGT,ENSG00000167613,LAIR1
A0822,anti-human CD142,NY2,CACTGCCGTCGATTA,ENSG00000117525,F3
A0853,anti-human CLEC12A,50C1,CATTAGAGTCTGCCA,ENSG00000172322,CLEC12A
A0861,anti-human CD151 (PETA-3),50-6,CTTACCTAGTCATTC,ENSG00000177697,CD151
A0867,anti-human CD94,DX22,CTTTCCGGTCCTACA,ENSG00000134539,KLRD1
A0868,anti-human IgE,MHE-18,GGATGTACCGCGTAT,ENSG00000211891,IGHE
A0871,anti-human CD162,KPL-1,ATATGTCAGAGCACC,ENSG00000110876,SELPLG
A0902,anti-human CD328 (Siglec-7),6-434,CTTAGCATTTCACTG,ENSG00000168995,SIGLEC7
A0912,anti-human GPR56,CG4,GCCTAGTTTCCGTTT,ENSG00000205336,ADGRG1
A1018,"anti-human HLA-DR, DP, DQ",Tü39,AGCTACGAGCAGTAG,ENSG00000204287,HLA-DRA
A1046,anti-human CD88 (C5aR),S5/1,GCCGCATGAGAAACA,ENSG00000197405,C5AR1